{"mean": [0.2906460464000702, 0.0007410671096295118, -9.159914043266326e-05, 0.28026819229125977, 0.006584390066564083, 0.04409506916999817, -0.06530619412660599, 0.035579927265644073, -0.5980873107910156, -0.07505594193935394, 0.040406741201877594, -0.9922491312026978, -0.0957845076918602, -0.09911837428808212, -0.0006869655335322022, 0.19773535430431366, -0.09347288310527802, -0.39115121960639954, 0.047630250453948975, 0.048841170966625214, 0.05061323195695877, -0.29436826705932617, 0.048735685646533966, 0.23587654531002045, 0.0315842442214489, -0.22761806845664978, -0.08564098179340363, -0.17793013155460358, -1.0953699350357056, 1.556078553199768, -1.2676054239273071, 2.0282843112945557, 0.48380768299102783, 0.2396853268146515, -0.3979851007461548, -0.3126557171344757, -2.6400680541992188, -2.3289971351623535, -1.5885893106460571, -0.06798678636550903, -0.7324826717376709, -1.8095399141311646, -0.0015412953216582537, -0.4258875250816345, -0.08071921020746231, -0.4315144717693329, 0.568021833896637, 2.730231285095215], "var": [0.13408778607845306, 0.02630235254764557, 0.07399549335241318, 0.12543444335460663, 0.021466556936502457, 0.016193950548768044, 0.1352180540561676, 0.3622939884662628, 2.061387062072754, 0.006735467351973057, 0.0011610470246523619, 0.00027936609694734216, 0.00040940503822639585, 0.0002986909821629524, 0.004071223549544811, 0.0005283231730572879, 0.005195391830056906, 0.019225018098950386, 0.013741298578679562, 0.01975499652326107, 0.007964635267853737, 0.014486650004982948, 0.004848808981478214, 0.0022695777006447315, 0.20151366293430328, 0.612590491771698, 1.2175638675689697, 0.7262808680534363, 8.848857879638672, 8.884655952453613, 10.673849105834961, 15.707027435302734, 5.859899520874023, 9.615568161010742, 4.038431644439697, 7.356904029846191, 1.481095552444458, 1.681319236755371, 1.1187474727630615, 1.0712132453918457, 1.0956010818481445, 1.109108805656433, 2.368149757385254, 4.5760040283203125, 2.634685754776001, 1.9876163005828857, 1.4178330898284912, 2.466857671737671], "epsilon": 1e-08, "clip": 5.0}